APR79443C,REF02,PMS000000037,ANIL KUMAR,JEGANJEEVA,HDFCBANK,A,P,000000000345
MAY65754M,REF03,PMS000000038,TUSHAR KUMAR,JEGANJEE,HDFCBANK,A,P,000000000356
JUNE8577J,REF04,PMS000000039,NAGENDRA KUMAR,NAGENDRAJI,AXISBANK,M,P,000000000357
JULY3545J,REF05,PMS000000040,KAMINI KUMARI,KAMKUMM,SBIBANK,A,P,000000000358
AUG70202A,REF06,PMS000000041,SWANPNIL PATIL,SWAP,ICICIBANK,A,P,000000000359
SEP98989S,REF07,PMS000000042,HARSHU KUMARI,HARSH,SBIBANK,M,P,000000000360
OCT12344O,REF08,PMS000000043,TUSHAR JAGTAP,TUSH,PNBBANK,A,P,000000000361
NOV74747N,REF09,PMS000000044,NANDHA KUMAR,NANK,UNIBANK,M,P,000000000362
DEC23456D,REF10,PMS000000045,TARUN PATEL,TARUNPP,BANBANK,A,P,000000000363
JAN56779J,REF11,PMS000000046,RISHABH OM,RISHOM,IDBANK ,M,P,000000000364
