APR79443C,REF02,PMS000000037,ANIL KUMAR,JEGANJEEVA,HDFCBANK,P,000000000345
MAY65754M,REF03,PMS000000038,TUSHAR KUMAR,JEGANJEE,HDFCBANK,P,000000000356
JUNE8577J,REF04,PMS000000039,NAGENDRA KUMAR,NAGENDRAJI,AXISBANK,P,000000000357
JULY3545J,REF05,PMS000000040,KAMINI KUMARI,KAMKUMM,SBIBANK,P,000000000358
AUG70202A,REF06,PMS000000041,SWANPNIL PATIL,SWAP,ICICIBANK,P,000000000359
SEP98989S,REF07,PMS000000042,HARSHU KUMARI,HARSH,SBIBANK,P,000000000360
OCT12344O,REF08,PMS000000043,TUSHAR JAGTAP,TUSH,PNBBANK,P,000000000361
NOV74747N,REF09,PMS000000044,NANDHA KUMAR,NANK,UNIBANK,P,000000000362
DEC23456D,REF10,PMS000000045,TARUN PATEL,TARUNPP,BANBANK,P,000000000363
APR79443C,REF02,PMS000000037,ANIL KUMAR,JEGANJEEVA,HDFCBANK,P,000000000345
MAY65754M,REF03,PMS000000038,TUSHAR KUMAR,JEGANJEE,HDFCBANK,P,000000000356
JUNE8577J,REF04,PMS000000039,NAGENDRA KUMAR,NAGENDRAJI,AXISBANK,P,000000000357
JULY3545J,REF05,PMS000000040,KAMINI KUMARI,KAMKUMM,SBIBANK,P,000000000358
AUG70202A,REF06,PMS000000041,SWANPNIL PATIL,SWAP,ICICIBANK,P,000000000359
SEP98989S,REF07,PMS000000042,HARSHU KUMARI,HARSH,SBIBANK,P,000000000360
OCT12344O,REF08,PMS000000043,TUSHAR JAGTAP,TUSH,PNBBANK,P,000000000361
NOV74747N,REF09,PMS000000044,NANDHA KUMAR,NANK,UNIOBANK,P,00000000362
DEC23456D,REF10,PMS000000045,TARUN PATEL,TARUNPP,BANHBANK,P,0000000363
JAN56779J,REF11,PMS000000046,RISHABH OM,RISHOM,IDIBANK ,P,0000000364
JAN56779J,REF11,PMS000000046,RISHABH OM,RISHOM,IDBANK ,P,000000000364
